session_id,started_at,video_idx,video_name,true_class_id,true_class_name,predicted_class_id,predicted_class_name,correct,elapsed_ms,answered_at
242a37bb-1d05-419c-9632-7cfc718ed054,1777042353.4485867,0,video.mp4,0,Test,1,Standing up,False,1234,1777042353.4487708
267fc616-b760-4516-b394-ba5649fd7f7b,1777042413.5267856,0,05_006.mp4,4,Coughing,1,Standing up,False,500,1777042413.527433
0b79bbc5-b4ce-48c7-b1ef-c01b7de8a623,1777046650.7984154,0,04_006.mp4,3,Sitting up from bed,10,Patient involuntary movements,False,1111,1777046652.109603
0b79bbc5-b4ce-48c7-b1ef-c01b7de8a623,1777046650.7984154,1,03_022.mp4,2,Falling to the ground,13,Wheelchair seated,False,1692,1777046654.0648983
0b79bbc5-b4ce-48c7-b1ef-c01b7de8a623,1777046650.7984154,2,06_037.mp4,5,Eating food / having meal,13,Wheelchair seated,False,656,1777046654.8723743
0b79bbc5-b4ce-48c7-b1ef-c01b7de8a623,1777046650.7984154,3,05_008.mp4,4,Coughing,19,Bedside self directed exercise,False,240,1777046655.2552097
